,loss,acc,val_loss,val_acc
0,0.9386311769485474,0.6306141018867493,0.9104738831520081,0.6468531489372253
1,0.9347415566444397,0.6308382153511047,0.9083680510520935,0.6468531489372253
2,0.936608612537384,0.6320708394050598,0.9061594009399414,0.646673858165741
3,0.9311569333076477,0.6344912648200989,0.9082688689231873,0.6480186581611633
4,0.9318494200706482,0.6330793499946594,0.9057813286781311,0.6465842127799988
