,loss,acc,val_loss,val_acc
0,0.888437032699585,0.6471821069717407,0.9192061424255371,0.6346045136451721
1,0.8873276114463806,0.646960437297821,0.9195145964622498,0.6346851587295532
2,0.8861793279647827,0.6497621536254883,0.9190272092819214,0.6326695084571838
